feature,importance_baseline,importance_degraded,importance_delta,abs_importance_delta
M4,0.0972758472758473,0.004684276425859613,-0.09259157084998769,0.09259157084998769
card6,0.08610026931229071,-0.002313837687413056,-0.08841410699970377,0.08841410699970377
M5,0.06584179474375333,0.0,-0.06584179474375333,0.06584179474375333
TransactionAmt,0.05022464243875435,-0.008246860163058442,-0.058471502601812796,0.058471502601812796
C14,0.05149911816578486,-0.003682845608532067,-0.05518196377431693,0.05518196377431693
P_emaildomain,0.04253968253968258,-0.011991307474633783,-0.05453099001431636,0.05453099001431636
C13,0.05280181106758349,0.0079363089461848,-0.04486550212139869,0.04486550212139869
addr1,0.03373794450548495,-0.008301674405515713,-0.042039618911000665,0.042039618911000665
card2,0.032499945734826396,-0.00827506647472879,-0.040775012209555185,0.040775012209555185
card5,0.03498491428172801,-0.0055344496036771424,-0.04051936388540515,0.04051936388540515
M6,0.03874396135265704,0.0,-0.03874396135265704,0.03874396135265704
R_emaildomain,0.03373794450548495,-0.0013892601037965673,-0.035127204609281516,0.035127204609281516
TransactionDT,0.03377382993091271,0.0,-0.03377382993091271,0.03377382993091271
card4,0.03375598438216939,0.0009067742288510298,-0.03284921015331836,0.03284921015331836
D2,0.030014977187924785,0.0,-0.030014977187924785,0.030014977187924785
card1,0.03125297595858334,0.0013601613432765447,-0.029892814615306795,0.029892814615306795
DeviceInfo,0.021437257156462792,-0.005069938269600578,-0.02650719542606337,0.02650719542606337
V201,0.0,0.025395762590272097,0.025395762590272097,0.025395762590272097
D15,0.023878040424803054,0.0,-0.023878040424803054,0.023878040424803054
C12,0.0011695906432748575,0.021700942224433733,0.020531351581158874,0.020531351581158874
V189,0.0,0.016847515705311233,0.016847515705311233,0.016847515705311233
V188,0.0,0.016847515705311233,0.016847515705311233,0.016847515705311233
M3,0.016590528591740112,0.0,-0.016590528591740112,0.016590528591740112
V178,0.0,-0.016048123227479394,-0.016048123227479394,0.016048123227479394
V204,0.0,-0.016048123227479394,-0.016048123227479394,0.016048123227479394
V187,0.0,0.015543545841503636,0.015543545841503636,0.015543545841503636
D1,0.021489096955271385,0.006041831348382394,-0.015447265606888992,0.015447265606888992
dist1,0.015404558435157645,0.0,-0.015404558435157645,0.015404558435157645
M8,0.01538746287743035,0.0,-0.01538746287743035,0.01538746287743035
C2,0.003517008483650441,-0.011042291276567362,-0.014559299760217803,0.014559299760217803
V45,0.0,0.014025899253852595,0.014025899253852595,0.014025899253852595
V229,0.0,-0.01378290814761901,-0.01378290814761901,0.01378290814761901
id_33,0.008228404585344795,-0.0055344496036771424,-0.013762854189021938,0.013762854189021938
id_02,0.010600706713780883,-0.0027672248018385712,-0.013367931515619455,0.013367931515619455
id_30,0.012989833680007353,0.0,-0.012989833680007353,0.012989833680007353
C1,0.0070505773882440686,0.01972473051049317,0.012674153122249104,0.012674153122249104
id_20,0.010600706713780883,-0.0018493263533364928,-0.012450033067117375,0.012450033067117375
C8,0.0011695906432748575,0.013591242632583397,0.01242165198930854,0.01242165198930854
V222,0.0,-0.012367593231159916,-0.012367593231159916,0.012367593231159916
D5,0.004686599126925299,-0.0073770968218992245,-0.012063695948824523,0.012063695948824523
M9,0.011795270196894117,0.0,-0.011795270196894117,0.011795270196894117
D10,0.01063435764988511,0.0,-0.01063435764988511,0.01063435764988511
M7,0.010609119132676073,0.0,-0.010609119132676073,0.010609119132676073
D4,0.005864426324026025,-0.004616551155175064,-0.010480977479201087,0.010480977479201087
V73,0.0,-0.009611492648972394,-0.009611492648972394,0.009611492648972394
V74,0.0,-0.009611492648972394,-0.009611492648972394,0.009611492648972394
M2,0.00942296806845803,0.0,-0.00942296806845803,0.00942296806845803
V183,0.0,0.00926671402636355,0.00926671402636355,0.00926671402636355
D3,0.0035087719298245723,-0.0055344496036771424,-0.009043221533501716,0.009043221533501716
V16,0.0035087719298245723,-0.0055344496036771424,-0.009043221533501716,0.009043221533501716
V257,0.0,0.008824690188649434,0.008824690188649434,0.008824690188649434
V231,0.0,0.008824690188649434,0.008824690188649434,0.008824690188649434
V233,0.0,0.00838266635093532,0.00838266635093532,0.00838266635093532
V258,0.0,0.00838266635093532,0.00838266635093532,0.00838266635093532
V170,0.0,0.00838266635093532,0.00838266635093532,0.00838266635093532
V184,0.0,0.00838266635093532,0.00838266635093532,0.00838266635093532
V34,0.0,-0.008301674405515713,-0.008301674405515713,0.008301674405515713
V78,0.0,-0.008301674405515713,-0.008301674405515713,0.008301674405515713
V202,0.0,-0.008301674405515713,-0.008301674405515713,0.008301674405515713
V263,0.0,-0.008301674405515713,-0.008301674405515713,0.008301674405515713
V262,0.0,-0.008301674405515713,-0.008301674405515713,0.008301674405515713
V219,0.0,-0.008301674405515713,-0.008301674405515713,0.008301674405515713
V317,0.009414555649562839,0.001355801851791701,-0.008058753797771137,0.008058753797771137
V156,0.0,0.0079363089461848,0.0079363089461848,0.0079363089461848
V149,0.0,0.0079363089461848,0.0079363089461848,0.0079363089461848
V148,0.0,0.0079363089461848,0.0079363089461848,0.0079363089461848
V261,0.0,-0.00783716307143915,-0.00783716307143915,0.00783716307143915
V168,0.0,-0.00783716307143915,-0.00783716307143915,0.00783716307143915
V264,0.0,-0.00783716307143915,-0.00783716307143915,0.00783716307143915
V203,0.0,-0.00783716307143915,-0.00783716307143915,0.00783716307143915
V33,0.0035087719298245723,-0.0041520398210985006,-0.007660811750923073,0.007660811750923073
id_13,0.0035087719298245723,-0.0041520398210985006,-0.007660811750923073,0.007660811750923073
V177,0.0,-0.007372651737362586,-0.007372651737362586,0.007372651737362586
V199,0.0,-0.007372651737362586,-0.007372651737362586,0.007372651737362586
DeviceType,0.0,-0.0073571680262267125,-0.0073571680262267125,0.0073571680262267125
V198,0.0,0.007043594136683762,0.007043594136683762,0.007043594136683762
V155,0.0,0.007043594136683762,0.007043594136683762,0.007043594136683762
V295,0.0,-0.0069125854878226605,-0.0069125854878226605,0.0069125854878226605
V212,0.0,-0.0069125854878226605,-0.0069125854878226605,0.0069125854878226605
V190,0.0,-0.006908140403286023,-0.006908140403286023,0.006908140403286023
V228,0.0,-0.006908140403286023,-0.006908140403286023,0.006908140403286023
C11,0.008228404585344795,0.014886731391585731,0.006658326806240936,0.006658326806240936
C6,0.0,0.00648385518609651,0.00648385518609651,0.00648385518609651
id_06,0.0035087719298245723,-0.0027672248018385712,-0.006275996731663144,0.006275996731663144
V294,0.008228404585344795,0.0022582165891578874,-0.005970187996186907,0.005970187996186907
id_38,0.005872750191143343,0.0,-0.005872750191143343,0.005872750191143343
V66,0.005864426324026025,0.0,-0.005864426324026025,0.005864426324026025
D11,0.005864426324026025,0.0,-0.005864426324026025,0.005864426324026025
C4,0.0,0.005595473943631875,0.005595473943631875,0.005595473943631875
V44,0.0,0.00558844423395688,0.00558844423395688,0.00558844423395688
V242,0.0,0.00558844423395688,0.00558844423395688,0.00558844423395688
C7,0.0,0.00558844423395688,0.00558844423395688,0.00558844423395688
V259,0.0,0.00558844423395688,0.00558844423395688,0.00558844423395688
V63,0.0,-0.0055344496036771424,-0.0055344496036771424,0.0055344496036771424
V84,0.0,-0.0055344496036771424,-0.0055344496036771424,0.0055344496036771424
V58,0.0,-0.0055344496036771424,-0.0055344496036771424,0.0055344496036771424
V57,0.0,-0.0055344496036771424,-0.0055344496036771424,0.0055344496036771424
V51,0.0,-0.0055344496036771424,-0.0055344496036771424,0.0055344496036771424
V54,0.0,-0.0055344496036771424,-0.0055344496036771424,0.0055344496036771424
V87,0.0035087719298245723,0.008824690188649434,0.005315918258824862,0.005315918258824862
ProductCD,0.003533568904593628,-0.0013734312100402435,-0.004907000114633872,0.004907000114633872
V86,0.0035087719298245723,0.00838266635093532,0.004873894421110747,0.004873894421110747
C9,0.004694835680751168,0.0,-0.004694835680751168,0.004694835680751168
id_31,0.004686599126925299,0.0,-0.004686599126925299,0.004686599126925299
C5,0.004686599126925299,0.0,-0.004686599126925299,0.004686599126925299
V64,0.0,-0.004616551155175064,-0.004616551155175064,0.004616551155175064
V71,0.0,-0.004616551155175064,-0.004616551155175064,0.004616551155175064
V72,0.0,-0.004616551155175064,-0.004616551155175064,0.004616551155175064
V31,0.0,-0.004616551155175064,-0.004616551155175064,0.004616551155175064
id_17,0.0011695906432748575,0.00558844423395688,0.004418853590682022,0.004418853590682022
V312,0.004686599126925299,0.0004533871144255149,-0.004233212012499784,0.004233212012499784
V59,0.0,-0.004167523532234392,-0.004167523532234392,0.004167523532234392
V17,0.0,-0.0036919735715585746,-0.0036919735715585746,0.0036919735715585746
V102,0.0,-0.003682845608532067,-0.003682845608532067,0.003682845608532067
id_34,0.0035087719298245723,0.0,-0.0035087719298245723,0.0035087719298245723
V3,0.0035087719298245723,0.0,-0.0035087719298245723,0.0035087719298245723
V67,0.0035087719298245723,0.0,-0.0035087719298245723,0.0035087719298245723
id_11,0.0035087719298245723,0.0,-0.0035087719298245723,0.0035087719298245723
V283,0.004703159547868485,0.0013601613432765447,-0.0033429982045919404,0.0033429982045919404
V60,0.0,-0.0032429459486179035,-0.0032429459486179035,0.0032429459486179035
V194,0.0,0.00279422211697844,0.00279422211697844,0.00279422211697844
V236,0.0,-0.0027672248018385712,-0.0027672248018385712,0.0027672248018385712
V144,0.0,-0.0027672248018385712,-0.0027672248018385712,0.0027672248018385712
V284,0.0,-0.0027672248018385712,-0.0027672248018385712,0.0027672248018385712
V243,0.0,-0.0027672248018385712,-0.0027672248018385712,0.0027672248018385712
V244,0.0,-0.0027672248018385712,-0.0027672248018385712,0.0027672248018385712
id_29,0.0,-0.0027672248018385712,-0.0027672248018385712,0.0027672248018385712
V318,0.0035087719298245723,0.0009067742288510298,-0.0026019977009735427,0.0026019977009735427
V12,0.002339181286549715,0.0,-0.002339181286549715,0.002339181286549715
V30,0.002339181286549715,0.0,-0.002339181286549715,0.002339181286549715
V75,0.002339181286549715,0.0,-0.002339181286549715,0.002339181286549715
V25,0.002339181286549715,0.0,-0.002339181286549715,0.002339181286549715
V26,0.002339181286549715,0.0,-0.002339181286549715,0.002339181286549715
V19,0.002339181286549715,0.0,-0.002339181286549715,0.002339181286549715
V278,0.0,-0.0023027134677620076,-0.0023027134677620076,0.0023027134677620076
V277,0.0,-0.0023027134677620076,-0.0023027134677620076,0.0023027134677620076
V164,0.0,-0.0023027134677620076,-0.0023027134677620076,0.0023027134677620076
V52,0.0035087719298245723,0.0013601613432765447,-0.0021486105865480276,0.0021486105865480276
card3,0.0035087719298245723,0.001432243905534425,-0.0020765280242901474,0.0020765280242901474
V307,0.002347417840375584,0.0004533871144255149,-0.001894030725950069,0.001894030725950069
V61,0.002339181286549715,0.0004533871144255149,-0.0018857941721242002,0.0018857941721242002
id_16,0.0,-0.0018604505729875413,-0.0018604505729875413,0.0018604505729875413
C10,0.0,-0.0018493263533364928,-0.0018493263533364928,0.0018493263533364928
V232,0.0,0.001809188966217216,0.001809188966217216,0.001809188966217216
V275,0.0,0.001809188966217216,0.001809188966217216,0.001809188966217216
V221,0.0,-0.0013959392389109777,-0.0013959392389109777,0.0013959392389109777
V103,0.0,-0.0013734312100402435,-0.0013734312100402435,0.0013734312100402435
V101,0.0,-0.0013734312100402435,-0.0013734312100402435,0.0013734312100402435
V81,0.0,-0.0013734312100402435,-0.0013734312100402435,0.0013734312100402435
V255,0.0,-0.0013734312100402435,-0.0013734312100402435,0.0013734312100402435
V252,0.0,-0.0013734312100402435,-0.0013734312100402435,0.0013734312100402435
V197,0.0,-0.0013734312100402435,-0.0013734312100402435,0.0013734312100402435
V37,0.0,0.0013601613432765447,0.0013601613432765447,0.0013601613432765447
V217,0.0,0.0013601613432765447,0.0013601613432765447,0.0013601613432765447
V42,0.0,0.0013601613432765447,0.0013601613432765447,0.0013601613432765447
V282,0.0,0.0013601613432765447,0.0013601613432765447,0.0013601613432765447
V38,0.0,0.0013601613432765447,0.0013601613432765447,0.0013601613432765447
V85,0.0,0.0013601613432765447,0.0013601613432765447,0.0013601613432765447
D9,0.0,0.0013601613432765447,0.0013601613432765447,0.0013601613432765447
V186,0.0,0.0013601613432765447,0.0013601613432765447,0.0013601613432765447
V179,0.0,0.001355801851791701,0.001355801851791701,0.001355801851791701
V216,0.0,0.001355801851791701,0.001355801851791701,0.001355801851791701
V182,0.0,0.001355801851791701,0.001355801851791701,0.001355801851791701
V293,0.0,0.001355801851791701,0.001355801851791701,0.001355801851791701
V167,0.0,0.001355801851791701,0.001355801851791701,0.001355801851791701
V279,0.0,0.001355801851791701,0.001355801851791701,0.001355801851791701
V180,0.0,0.001355801851791701,0.001355801851791701,0.001355801851791701
V143,0.0,0.001355801851791701,0.001355801851791701,0.001355801851791701
V76,0.0011695906432748575,0.0,-0.0011695906432748575,0.0011695906432748575
id_12,0.0011695906432748575,0.0,-0.0011695906432748575,0.0011695906432748575
id_14,0.0011695906432748575,0.0,-0.0011695906432748575,0.0011695906432748575
id_35,0.0011695906432748575,0.0,-0.0011695906432748575,0.0011695906432748575
V306,0.0011695906432748575,0.0,-0.0011695906432748575,0.0011695906432748575
V310,0.0011695906432748575,0.0,-0.0011695906432748575,0.0011695906432748575
id_15,0.0011695906432748575,0.0,-0.0011695906432748575,0.0011695906432748575
M1,0.0011695906432748575,0.0,-0.0011695906432748575,0.0011695906432748575
id_05,0.0011695906432748575,0.0,-0.0011695906432748575,0.0011695906432748575
V134,0.0,-0.0009156208066934957,-0.0009156208066934957,0.0009156208066934957
V215,0.0,-0.0009156208066934957,-0.0009156208066934957,0.0009156208066934957
V256,0.0,-0.0009156208066934957,-0.0009156208066934957,0.0009156208066934957
V158,0.0,0.0009067742288510298,0.0009067742288510298,0.0009067742288510298
V160,0.0,0.0009067742288510298,0.0009067742288510298,0.0009067742288510298
V157,0.0,0.0009067742288510298,0.0009067742288510298,0.0009067742288510298
V153,0.0,0.0009067742288510298,0.0009067742288510298,0.0009067742288510298
V53,0.0,0.0009067742288510298,0.0009067742288510298,0.0009067742288510298
V128,0.0,0.0009067742288510298,0.0009067742288510298,0.0009067742288510298
D6,0.0,0.0009067742288510298,0.0009067742288510298,0.0009067742288510298
V127,0.0,0.0009067742288510298,0.0009067742288510298,0.0009067742288510298
V126,0.0,0.0009067742288510298,0.0009067742288510298,0.0009067742288510298
V218,0.0,0.0009067742288510298,0.0009067742288510298,0.0009067742288510298
V302,0.0,0.0009067742288510298,0.0009067742288510298,0.0009067742288510298
V165,0.0,0.0009067742288510298,0.0009067742288510298,0.0009067742288510298
V185,0.0,0.0009067742288510298,0.0009067742288510298,0.0009067742288510298
V32,0.0,0.0009067742288510298,0.0009067742288510298,0.0009067742288510298
V152,0.0,0.0009067742288510298,0.0009067742288510298,0.0009067742288510298
V124,0.0,0.0009024147373661862,0.0009024147373661862,0.0009024147373661862
V56,0.0035087719298245723,0.0027072442120985585,-0.0008015277177260138,0.0008015277177260138
V308,0.0011695906432748575,0.0004533871144255149,-0.0007162035288493427,0.0007162035288493427
D8,0.0011695906432748575,0.0004533871144255149,-0.0007162035288493427,0.0007162035288493427
V171,0.0,0.0004533871144255149,0.0004533871144255149,0.0004533871144255149
V276,0.0,0.0004533871144255149,0.0004533871144255149,0.0004533871144255149
V20,0.0,0.0004533871144255149,0.0004533871144255149,0.0004533871144255149
V273,0.0,0.0004533871144255149,0.0004533871144255149,0.0004533871144255149
V296,0.0,0.0004533871144255149,0.0004533871144255149,0.0004533871144255149
V316,0.0,0.0004533871144255149,0.0004533871144255149,0.0004533871144255149
V298,0.0,0.0004533871144255149,0.0004533871144255149,0.0004533871144255149
V320,0.0,0.0004533871144255149,0.0004533871144255149,0.0004533871144255149
D13,0.0,0.0004533871144255149,0.0004533871144255149,0.0004533871144255149
V100,0.0,0.0004533871144255149,0.0004533871144255149,0.0004533871144255149
id_37,0.0,0.0004533871144255149,0.0004533871144255149,0.0004533871144255149
V106,0.0,0.0004533871144255149,0.0004533871144255149,0.0004533871144255149
V234,0.0,0.0004533871144255149,0.0004533871144255149,0.0004533871144255149
V315,0.0,0.0004533871144255149,0.0004533871144255149,0.0004533871144255149
V304,0.0,0.0004533871144255149,0.0004533871144255149,0.0004533871144255149
V303,0.0,0.0004533871144255149,0.0004533871144255149,0.0004533871144255149
V125,0.0,0.0004533871144255149,0.0004533871144255149,0.0004533871144255149
V132,0.0,0.0004533871144255149,0.0004533871144255149,0.0004533871144255149
V237,0.0,0.0004533871144255149,0.0004533871144255149,0.0004533871144255149
id_19,0.0,0.0004533871144255149,0.0004533871144255149,0.0004533871144255149
V214,0.0,0.0004533871144255149,0.0004533871144255149,0.0004533871144255149
V338,0.0,0.0004533871144255149,0.0004533871144255149,0.0004533871144255149
V213,0.0,0.0004533871144255149,0.0004533871144255149,0.0004533871144255149
V211,0.0,0.0004533871144255149,0.0004533871144255149,0.0004533871144255149
V323,0.0,0.0004533871144255149,0.0004533871144255149,0.0004533871144255149
id_36,0.0,0.0,0.0,0.0
V251,0.0,0.0,0.0,0.0
V250,0.0,0.0,0.0,0.0
V249,0.0,0.0,0.0,0.0
V248,0.0,0.0,0.0,0.0
V247,0.0,0.0,0.0,0.0
V266,0.0,0.0,0.0,0.0
id_24,0.0,0.0,0.0,0.0
V253,0.0,0.0,0.0,0.0
V254,0.0,0.0,0.0,0.0
V265,0.0,0.0,0.0,0.0
id_25,0.0,0.0,0.0,0.0
id_32,0.0,0.0,0.0,0.0
id_21,0.0,0.0,0.0,0.0
id_22,0.0,0.0,0.0,0.0
id_28,0.0,0.0,0.0,0.0
V260,0.0,0.0,0.0,0.0
id_23,0.0,0.0,0.0,0.0
id_27,0.0,0.0,0.0,0.0
id_26,0.0,0.0,0.0,0.0
V267,0.0,0.0,0.0,0.0
V336,0.0,0.0,0.0,0.0
V268,0.0,0.0,0.0,0.0
V327,0.0,0.0,0.0,0.0
V311,0.0,0.0,0.0,0.0
V313,0.0,0.0,0.0,0.0
V314,0.0,0.0,0.0,0.0
V246,0.0,0.0,0.0,0.0
V319,0.0,0.0,0.0,0.0
V321,0.0,0.0,0.0,0.0
V322,0.0,0.0,0.0,0.0
V324,0.0,0.0,0.0,0.0
V325,0.0,0.0,0.0,0.0
V326,0.0,0.0,0.0,0.0
V328,0.0,0.0,0.0,0.0
V305,0.0,0.0,0.0,0.0
V329,0.0,0.0,0.0,0.0
V330,0.0,0.0,0.0,0.0
id_01,0.0,0.0,0.0,0.0
V339,0.0,0.0,0.0,0.0
V331,0.0,0.0,0.0,0.0
V332,0.0,0.0,0.0,0.0
V333,0.0,0.0,0.0,0.0
V334,0.0,0.0,0.0,0.0
V337,0.0,0.0,0.0,0.0
V335,0.0,0.0,0.0,0.0
V309,0.0,0.0,0.0,0.0
V301,0.0,0.0,0.0,0.0
V269,0.0,0.0,0.0,0.0
id_04,0.0,0.0,0.0,0.0
V270,0.0,0.0,0.0,0.0
id_18,0.0,0.0,0.0,0.0
V271,0.0,0.0,0.0,0.0
V272,0.0,0.0,0.0,0.0
V274,0.0,0.0,0.0,0.0
id_10,0.0,0.0,0.0,0.0
V280,0.0,0.0,0.0,0.0
id_09,0.0,0.0,0.0,0.0
id_08,0.0,0.0,0.0,0.0
id_07,0.0,0.0,0.0,0.0
V285,0.0,0.0,0.0,0.0
V300,0.0,0.0,0.0,0.0
V286,0.0,0.0,0.0,0.0
V287,0.0,0.0,0.0,0.0
id_03,0.0,0.0,0.0,0.0
V288,0.0,0.0,0.0,0.0
V289,0.0,0.0,0.0,0.0
V290,0.0,0.0,0.0,0.0
V291,0.0,0.0,0.0,0.0
V292,0.0,0.0,0.0,0.0
V297,0.0,0.0,0.0,0.0
V299,0.0,0.0,0.0,0.0
V281,0.0,0.0,0.0,0.0
C3,0.0,0.0,0.0,0.0
V245,0.0,0.0,0.0,0.0
V88,0.0,0.0,0.0,0.0
V48,0.0,0.0,0.0,0.0
V49,0.0,0.0,0.0,0.0
V50,0.0,0.0,0.0,0.0
V55,0.0,0.0,0.0,0.0
V62,0.0,0.0,0.0,0.0
V65,0.0,0.0,0.0,0.0
V68,0.0,0.0,0.0,0.0
V69,0.0,0.0,0.0,0.0
V70,0.0,0.0,0.0,0.0
V77,0.0,0.0,0.0,0.0
V79,0.0,0.0,0.0,0.0
V80,0.0,0.0,0.0,0.0
V82,0.0,0.0,0.0,0.0
V83,0.0,0.0,0.0,0.0
V89,0.0,0.0,0.0,0.0
V46,0.0,0.0,0.0,0.0
V90,0.0,0.0,0.0,0.0
V91,0.0,0.0,0.0,0.0
V92,0.0,0.0,0.0,0.0
V93,0.0,0.0,0.0,0.0
V94,0.0,0.0,0.0,0.0
V95,0.0,0.0,0.0,0.0
V96,0.0,0.0,0.0,0.0
V97,0.0,0.0,0.0,0.0
V98,0.0,0.0,0.0,0.0
V99,0.0,0.0,0.0,0.0
V104,0.0,0.0,0.0,0.0
V105,0.0,0.0,0.0,0.0
V107,0.0,0.0,0.0,0.0
V108,0.0,0.0,0.0,0.0
V47,0.0,0.0,0.0,0.0
V43,0.0,0.0,0.0,0.0
V241,0.0,0.0,0.0,0.0
V11,0.0,0.0,0.0,0.0
dist2,0.0,0.0,0.0,0.0
D7,0.0,0.0,0.0,0.0
D12,0.0,0.0,0.0,0.0
D14,0.0,0.0,0.0,0.0
addr2,0.0,0.0,0.0,0.0
V1,0.0,0.0,0.0,0.0
V2,0.0,0.0,0.0,0.0
V4,0.0,0.0,0.0,0.0
V5,0.0,0.0,0.0,0.0
V6,0.0,0.0,0.0,0.0
V7,0.0,0.0,0.0,0.0
V8,0.0,0.0,0.0,0.0
V9,0.0,0.0,0.0,0.0
V10,0.0,0.0,0.0,0.0
V13,0.0,0.0,0.0,0.0
V41,0.0,0.0,0.0,0.0
V14,0.0,0.0,0.0,0.0
V15,0.0,0.0,0.0,0.0
V18,0.0,0.0,0.0,0.0
V21,0.0,0.0,0.0,0.0
V22,0.0,0.0,0.0,0.0
V23,0.0,0.0,0.0,0.0
V24,0.0,0.0,0.0,0.0
V27,0.0,0.0,0.0,0.0
V28,0.0,0.0,0.0,0.0
V29,0.0,0.0,0.0,0.0
V35,0.0,0.0,0.0,0.0
V36,0.0,0.0,0.0,0.0
V39,0.0,0.0,0.0,0.0
V40,0.0,0.0,0.0,0.0
V109,0.0,0.0,0.0,0.0
V110,0.0,0.0,0.0,0.0
V111,0.0,0.0,0.0,0.0
V206,0.0,0.0,0.0,0.0
V166,0.0,0.0,0.0,0.0
V169,0.0,0.0,0.0,0.0
V173,0.0,0.0,0.0,0.0
V174,0.0,0.0,0.0,0.0
V175,0.0,0.0,0.0,0.0
V176,0.0,0.0,0.0,0.0
V181,0.0,0.0,0.0,0.0
V191,0.0,0.0,0.0,0.0
V192,0.0,0.0,0.0,0.0
V193,0.0,0.0,0.0,0.0
V195,0.0,0.0,0.0,0.0
V196,0.0,0.0,0.0,0.0
V200,0.0,0.0,0.0,0.0
V205,0.0,0.0,0.0,0.0
V207,0.0,0.0,0.0,0.0
V112,0.0,0.0,0.0,0.0
V208,0.0,0.0,0.0,0.0
V209,0.0,0.0,0.0,0.0
V210,0.0,0.0,0.0,0.0
V220,0.0,0.0,0.0,0.0
V223,0.0,0.0,0.0,0.0
V224,0.0,0.0,0.0,0.0
V225,0.0,0.0,0.0,0.0
V226,0.0,0.0,0.0,0.0
V227,0.0,0.0,0.0,0.0
V230,0.0,0.0,0.0,0.0
V235,0.0,0.0,0.0,0.0
V238,0.0,0.0,0.0,0.0
V239,0.0,0.0,0.0,0.0
V240,0.0,0.0,0.0,0.0
V163,0.0,0.0,0.0,0.0
V162,0.0,0.0,0.0,0.0
V161,0.0,0.0,0.0,0.0
V159,0.0,0.0,0.0,0.0
V113,0.0,0.0,0.0,0.0
V114,0.0,0.0,0.0,0.0
V115,0.0,0.0,0.0,0.0
V116,0.0,0.0,0.0,0.0
V117,0.0,0.0,0.0,0.0
V118,0.0,0.0,0.0,0.0
V119,0.0,0.0,0.0,0.0
V120,0.0,0.0,0.0,0.0
V121,0.0,0.0,0.0,0.0
V122,0.0,0.0,0.0,0.0
V123,0.0,0.0,0.0,0.0
V129,0.0,0.0,0.0,0.0
V130,0.0,0.0,0.0,0.0
V131,0.0,0.0,0.0,0.0
V133,0.0,0.0,0.0,0.0
V135,0.0,0.0,0.0,0.0
V136,0.0,0.0,0.0,0.0
V137,0.0,0.0,0.0,0.0
V138,0.0,0.0,0.0,0.0
V139,0.0,0.0,0.0,0.0
V140,0.0,0.0,0.0,0.0
V141,0.0,0.0,0.0,0.0
V142,0.0,0.0,0.0,0.0
V145,0.0,0.0,0.0,0.0
V146,0.0,0.0,0.0,0.0
V147,0.0,0.0,0.0,0.0
V150,0.0,0.0,0.0,0.0
V151,0.0,0.0,0.0,0.0
V154,0.0,0.0,0.0,0.0
V172,0.0,0.0,0.0,0.0
